file,start
09_07,2015-02-11 06:15
25_06,2015-04-27 08:25
34_07,2015-06-25 06:40
18_06,2015-03-14 07:45
46_06,2015-08-08 10:05
10_07,2015-02-15 09:15
01_06,2014-11-22 07:25
22_07,2015-05-15 06:15
33_06,2015-05-28 06:45
17_06,2015-03-17 07:25
06_07,2015-02-08 08:50
41_07,2015-07-28 06:50
46_07,2015-09-03 09:15
01_07,2014-12-21 08:00
10_06,2015-01-18 07:35
18_07,2015-04-11 07:45
34_06,2015-05-30 06:20
25_07,2015-06-01 10:00
09_06,2015-01-17 08:45
06_06,2015-01-11 08:50
17_07,2015-04-14 07:00
41_06,2015-07-03 08:05
33_07,2015-06-27 06:25
22_06,2015-04-11 07:15
11_06,2015-01-25 09:20
19_07,2015-04-16 07:40
35_06,2015-06-15 08:05
08_06,2015-01-11 09:05
40_06,2015-06-22 06:35
07_06,2015-01-11 12:10
16_07,2015-04-03 08:30
32_07,2015-06-29 06:30
23_06,2015-04-12 08:25
08_07,2015-02-08 08:05
24_06,2015-04-25 07:55
35_07,2015-07-20 07:15
19_06,2015-03-19 07:20
11_07,2015-03-01 08:10
23_07,2015-05-09 08:20
32_06,2015-05-24 09:05
40_07,2015-07-21 07:10
16_06,2015-03-08 09:20
07_07,2015-02-01 07:35
26_07,2015-06-06 08:10
37_06,2015-06-14 11:10
13_06,2015-02-08 07:55
02_07,2015-01-12 08:40
45_07,2015-09-04 08:20
21_06,2015-04-10 07:30
30_07,2015-06-21 06:05
42_06,2015-07-03 07:10
14_07,2015-03-10 11:35
38_06,2015-06-20 06:05
29_07,2015-06-14 06:30
02_06,2014-12-18 07:50
13_07,2015-03-11 09:30
45_06,2015-08-07 06:30
37_07,2015-07-08 07:40
26_06,2015-05-08 07:30
42_07,2015-07-28 06:50
29_06,2015-05-17 06:00
38_07,2015-07-12 06:30
14_06,2015-02-16 10:15
30_06,2015-05-16 07:30
21_07,2015-05-09 06:40
44_06,2015-08-03 04:10
03_06,2014-12-29 07:55
12_07,2015-03-05 07:50
36_07,2015-07-08 07:15
27_06,2015-05-12 09:00
04_07,2015-01-30 08:35
28_06,2015-05-11 10:20
39_07,2015-07-16 08:05
15_06,2015-02-21 07:45
43_07,2015-08-11 07:25
31_06,2015-05-22 06:50
20_07,2015-04-28 07:00
27_07,2015-06-06 06:25
36_06,2015-06-13 08:10
44_07,2015-09-07 08:35
12_06,2015-02-07 10:05
03_07,2015-01-26 06:55
20_06,2015-03-31 07:25
31_07,2015-06-24 06:30
15_07,2015-03-18 08:30
39_06,2015-06-23 08:25
28_07,2015-06-08 08:25
04_06,2015-01-06 07:40
43_06,2015-07-10 10:05
