file,ordinal,onset,offset,word,orig_utt_type,orig_present,new_utt_type,new_present
10_07,1,2467623,2470433,toes,d,y,r,y
10_07,2,2516848,2522895,Blue+hat+green+hat,d,y,d,y
10_07,3,2524818,2527643,hat,r,y,r,y
10_07,4,2524818,2527644,hat,r,y,r,y
10_07,5,2524818,2527644,hat,r,y,r,y
10_07,6,2529931,2533093,hats,q,y,q,y
10_07,7,2533094,2534130,hat,d,y,d,y
10_07,8,2534131,2535753,hat,q,y,q,n
10_07,9,2544163,2547448,shirt,r,y,r,n
10_07,10,2545650,2546179,shirt,r,y,r,n
17_07,1,692073,693499,smoothie,d,n,d,n
17_07,2,694421,695816,spinach,d,n,d,y
17_07,3,696843,697867,spinach,d,n,d,y
17_07,4,699372,700952,spinach,q,n,q,y
17_07,5,699372,700952,cup,q,n,q,n
17_07,6,701603,702459,smoothie,q,n,q,n
17_07,7,702626,703866,smoothie,d,n,d,n
17_07,8,708249,711628,bag,n,y,n,y
17_07,10,745348,746738,smoothie,d,n,q,n
17_07,9,745348,746738,spinach,d,y,q,y
17_07,11,750003,750902,milk,d,n,q,n
17_07,12,750902,751836,water,d,n,q,n
17_07,13,757720,758649,milk,i,n,i,y
17_07,14,761388,762044,milk,q,y,q,y
17_07,15,762056,762976,cup,q,n,q,n
17_07,16,763935,765918,milk,q,y,d,y
17_07,17,767067,769544,smoothie,n,n,d,n
17_07,18,773451,776551,cup,d,n,d,y
17_07,19,786109,787119,milk,q,y,q,y
17_07,20,787408,788284,almond+milk,d,y,d,y
17_07,21,788284,789593,almond+milk,n,y,n,y
17_07,22,801328,803033,smoothie,d,n,d,n
17_07,23,803108,805111,bag,n,y,d,y
17_07,24,877186,878643,blueberries,q,n,q,n
17_07,25,878589,880395,milk,n,n,d,y
17_07,26,881805,883108,probiotics,q,n,q,n
17_07,27,886842,887866,smoothie,d,n,n,y
17_07,28,889823,891063,probiotics,d,n,d,n
17_07,29,927957,929755,probiotics,d,n,d,y
17_07,30,945157,947017,spoon,d,y,d,y
17_07,31,979227,980404,camcorder,d,n,d,n
17_07,32,991194,993147,rug,d,y,d,y
17_07,33,1025804,1028967,blueberry,q,n,o,o
17_07,34,1031920,1033004,banana,q,n,q,n
17_07,35,1034096,1036111,banana,q,n,q,n
17_07,36,1036842,1038207,smoothie,d,n,d,n
19_07,1,527195,528123,basket,d,y,d,n
19_07,2,537287,539518,shakers,d,y,d,n
19_07,3,557837,559325,Armand,d,y,d,y
19_07,4,557837,559325,tag,d,y,d,n
19_07,5,564490,565906,Armand,d,y,d,y
19_07,6,567250,568767,Sophie,d,n,d,n
19_07,7,574314,575264,mouth,d,y,d,y
19_07,8,589449,590968,tag,q,y,q,y
19_07,9,595225,596616,tag,q,n,q,n
19_07,10,597553,598730,tag,d,n,d,n
19_07,11,619433,620827,basket,q,y,q,n
19_07,12,645009,645851,Sophie,q,y,q,y
19_07,13,646535,649572,Sophie,n,y,q,y
19_07,14,646535,649572,Armand,n,y,q,y
19_07,15,666311,667394,hat,d,y,i,y
19_07,16,710897,712322,drawstrings,q,y,q,y
19_07,17,733120,734401,hat,d,y,d,y
19_07,18,744105,745157,bottle,q,n,q,n
19_07,19,777823,778843,book,q,n,q,y
19_07,20,779555,780607,book,d,y,d,y
19_07,21,780000,783860,The+alphabet+and+counting+too,r,y,d,y
19_07,22,792053,794160,butterflies,q,y,q,y
19_07,23,798177,800741,pot,r,y,r,y
19_07,24,798177,800741,honey,r,y,r,y
19_07,25,803951,805004,apples,r,y,r,y
19_07,26,810206,811941,bees,r,y,r,y
19_07,27,811942,814198,Pooh,r,y,r,y
19_07,28,816165,817062,flowers,r,y,r,y
19_07,29,819155,820579,Roo,r,y,r,y
19_07,30,820580,821944,page,q,y,q,y
19_07,31,823894,825536,balloons,r,y,r,y
32_07,1,1936675,1939000,ice+cream,d,n,d,n
32_07,2,1963602,1966113,sauce,d,n,d,n
32_07,3,1966114,1968314,cat,d,n,d,y
32_07,4,1969595,1972509,poop,d,n,d,n
32_07,5,1969595,1972509,butt,d,n,d,n
32_07,6,1994500,1996603,scissors,d,n,d,n
32_07,7,2005999,2008199,box,d,n,d,n
32_07,8,2008200,2009355,box,q,n,q,n
32_07,9,2009355,2010639,box,d,n,d,n
32_07,10,2011850,2013771,diapers,d,n,d,n
32_07,11,2061886,2065481,weeds,d,n,d,n
32_07,12,2092988,2095467,muffler,d,n,d,n
32_07,13,2092988,2095467,box,d,n,d,n
32_07,14,2095468,2098103,car,d,n,d,n
32_07,15,2100582,2103751,bricks,d,n,d,n
35_07,1,2095289,2096589,Willies+pictures,d,y,d,y
35_07,2,2096590,2103535,Willies+pictures,d,y,d,y
35_07,3,2103536,2111191,pictures,r,y,r,y
35_07,4,2111192,2113764,picture,r,y,r,n
35_07,5,2121500,2124328,sand+castle,r,y,r,n
35_07,6,2124329,2128078,castle,r,y,r,n
35_07,7,2131242,2135147,dots,r,y,r,y
35_07,8,2138279,2141036,park,r,y,r,y
35_07,9,2146486,2149432,grass,r,n,r,n
35_07,10,2156071,2159170,dog,r,y,r,y
35_07,11,2169596,2172510,swimming+pool,r,n,r,n
35_07,12,2180106,2181097,painting,r,y,r,n
35_07,13,2204007,2206952,net,r,y,r,y
35_07,14,2213865,2217057,window,r,n,r,y
35_07,15,2220994,2222265,nose,d,n,d,n
35_07,16,2227195,2229674,invitation,r,n,r,n
35_07,17,2245299,2246818,hat,d,y,d,y
23_07,1,93233,94318,head,d,n,d,n
23_07,2,95609,97190,robot,n,n,n,n
26_07,1,1476448,1477439,door,d,n,d,n
26_07,2,1551857,1553219,train,s,n,s,n
26_07,3,1558964,1562116,train,s,n,s,n
26_07,4,1572181,1573390,rattle,n,y,n,y
26_07,5,1592742,1593981,train,s,n,s,n
26_07,6,1614980,1618260,hammer,q,y,q,y
26_07,7,1635945,1636895,tower,q,n,q,n
26_07,8,1666597,1669200,guitar,i,y,i,y
26_07,9,1705543,1707340,hammer,i,y,i,y
26_07,10,1721445,1723056,hammer,d,y,d,y
26_07,11,1728854,1730774,drum,d,n,d,n
26_07,12,1730775,1734045,drum,q,n,q,n
26_07,13,1734046,1735620,drum,d,n,d,n
26_07,14,1792686,1794141,drum,d,y,d,y
26_07,15,1800688,1801926,maraca,i,y,d,y
06_07,1,1602859,1605679,apples,d,n,d,n
06_07,2,1602859,1605679,chicken,d,n,d,n
06_07,3,1608077,1610679,bib,d,y,d,y
06_07,4,1611377,1614063,drool,n,n,s,n
06_07,5,1643312,1645607,vegetables,d,n,d,n
06_07,6,1643312,1645607,beef,d,n,d,n
06_07,7,1728151,1729112,shells,d,n,d,n
06_07,8,1729160,1730588,sauce,d,n,d,n
06_07,9,1750698,1754480,vegetables,q,y,q,n
06_07,10,1750698,1754480,beef,q,n,q,n
06_07,11,1832595,1834717,beef,d,n,d,n
06_07,12,1835259,1836893,beef,n,n,n,n
06_07,13,1836893,1839136,venison,n,n,n,n
06_07,14,1845516,1853111,tum+tum,d,n,d,n
06_07,15,1865889,1870606,water,d,n,d,n
06_07,16,1870606,1871926,cup,q,n,q,n
06_07,17,1884189,1895561,mouth,d,y,d,n
06_07,18,1907100,1908010,tray,q,y,q,y
06_07,19,1925456,1931066,mouth,d,n,d,n
06_07,20,1996079,1999012,baby,q,n,q,y
06_07,21,2004238,2007646,water,q,y,q,y
06_07,22,2058725,2061824,water,q,y,q,y
07_07,1,627546,628476,piggy,d,y,n,n
07_07,2,630091,633997,duck,q,y,n,n
07_07,3,638840,641628,train,q,n,q,n
07_07,4,646062,649579,train,d,y,d,y
07_07,5,703143,705621,star,n,y,n,n
07_07,6,707144,708937,star,q,y,q,y
07_07,7,710464,712193,square,d,y,d,n
07_07,8,712194,713640,square,n,y,n,n
07_07,9,713641,716202,two,q,n,q,n
07_07,10,719083,722461,toy,d,y,d,y
07_07,11,732164,736564,blocks,i,y,i,n
03_07,1,1271713,1277292,teether,q,y,q,y
03_07,2,1286955,1288739,u,n,y,n,y
03_07,3,1288740,1289718,v,n,y,n,y
03_07,4,1455539,1457336,water,q,y,q,y
03_07,5,1457337,1458759,water,d,y,d,n
03_07,6,1460782,1461866,ball,d,y,d,y
03_07,7,1496618,1500802,packaging,d,y,d,y
03_07,8,1501562,1504045,ball,d,y,o,o
03_07,9,1509563,1511577,hand,d,y,o,o
03_07,10,1550632,1553390,box,d,n,d,n
03_07,11,1553391,1555014,cylinder+box,d,y,d,n
03_07,12,1567693,1569773,Minnie+mouse,d,y,d,y
03_07,13,1611424,1615049,teeth,d,n,d,n
03_07,14,1628932,1630295,ball,d,y,d,y
34_07,1,3005921,3008916,birdies,n,n,n,n
34_07,2,3005921,3008916,birdies,n,n,n,n
37_07,1,37424,38880,camera,i,n,i,n
37_07,2,40875,42796,toy+bin,d,n,i,n
37_07,3,52863,54475,strappies,q,y,d,y
37_07,4,187796,189997,loop,q,n,q,n
37_07,5,202737,205063,hat,d,n,d,y
37_07,6,293234,294339,hands,d,n,d,n
37_07,7,295506,296492,ball,d,n,d,y
37_07,8,296492,297472,hands,d,n,d,y
37_07,9,403178,404077,wheel,d,y,d,y
29_07,1,1581235,1582971,circle,n,y,d,y
29_07,2,1581235,1605452,bee,n,y,d,y
29_07,3,1601331,1605384,anklet,d,y,d,y
29_07,4,1627438,1629110,carpet,q,y,q,y
29_07,5,1633485,1636180,ball,n,y,n,y
29_07,6,1637683,1639170,rattle,n,y,n,y
29_07,7,1651678,1653041,ball,q,y,q,y
29_07,8,1671185,1672641,chewy,q,n,q,n
29_07,9,1673578,1675747,chewy,d,y,d,y
29_07,10,1697821,1701261,maraca,d,y,n,y
29_07,11,1723906,1727833,kitty+cat,d,n,d,n
29_07,12,1734702,1736127,monkey,n,y,n,y
29_07,13,1736128,1743987,puppy,n,y,n,y
29_07,14,1743988,1745268,Duncan+dog,q,y,q,y
29_07,15,1745269,1747198,Duncan+dog,n,y,n,y
29_07,16,1756121,1757357,school+bus,n,n,n,n
29_07,17,1760191,1761739,school,d,n,d,n
29_07,18,1800541,1804043,chewy,d,y,d,y
29_07,19,1805223,1807702,school+bus,d,n,d,n
29_07,20,1807702,1809795,chewy,d,y,n,y
29_07,21,1821350,1827852,bus,d,n,d,n
29_07,22,1827853,1831126,fire+hydrant,d,n,d,n
29_07,23,1834443,1838380,golf+clubs,d,n,d,n
29_07,24,1843748,1845359,chewy,q,y,q,y
29_07,25,1845360,1846914,chewy,n,y,n,y
29_07,26,1846915,1847662,chewy,n,y,n,y
29_07,27,1847663,1848371,chewy,n,y,n,y
29_07,28,1848372,1849302,chewy,n,y,n,y
29_07,29,1849303,1851978,maracas,d,y,d,y
29_07,30,1880914,1882025,school,d,n,d,n
29_07,31,1925066,1929727,wine,s,n,s,n
29_07,32,1951270,1953439,rings,n,y,d,y
29_07,33,1953440,1956251,keys,d,y,d,y
29_07,34,1960347,1962267,monkey,d,y,n,y
11_07,1,2817931,2821867,sugar+cookies,q,n,d,n
11_07,2,2828977,2831705,sugar+cookies,d,n,s,n
11_07,3,2832465,2833457,sugar+cookies,d,n,s,n
11_07,4,2837023,2841083,mouth,d,y,d,y
11_07,5,2846701,2850450,food,d,n,d,n
11_07,6,2864966,2867755,cornbread,d,n,d,n
11_07,7,2876733,2880110,spoon,d,y,d,n
11_07,8,2876733,2880110,head,d,n,d,n
11_07,9,2898124,2900014,xylophone,q,n,q,n
11_07,10,2900580,2902686,xylophone,q,n,q,n
11_07,11,2911675,2913038,xylophone,q,y,q,y
11_07,12,2995230,2998858,nails,d,n,d,y
11_07,13,3009777,3013679,blueberries,q,n,q,n
11_07,14,3037807,3038736,mouth,d,y,d,y
11_07,15,3038737,3040237,mouth,d,y,d,y
11_07,16,3040240,3040980,mouth,d,y,d,y
11_07,17,3097174,3102009,sticks,d,y,d,y
11_07,18,3102010,3103002,stick,i,y,i,y
11_07,19,3105344,3107203,stick,i,y,q,y
11_07,20,3122065,3124296,stick,q,n,q,n
11_07,21,3125684,3127697,stick,q,n,q,n
11_07,22,3141901,3143047,chair,q,y,q,y
11_07,23,3170826,3172807,sleeves,d,y,i,y
11_07,24,3198831,3200907,camera,q,n,q,y
11_07,25,3212653,3215412,cups,d,y,n,y
11_07,26,3215976,3217183,cups,d,y,n,y
11_07,27,3218047,3219728,cup,d,y,q,y
11_07,28,3225568,3227117,frog,d,y,d,y
11_07,29,3225568,3227117,cup,d,y,d,y
11_07,30,3227430,3230315,cup,d,y,d,y
11_07,31,3230316,3232309,frog,q,y,q,n
11_07,32,3235261,3237307,frog,q,y,q,n
11_07,33,3240898,3242913,froggy,q,y,q,n
11_07,34,3246703,3249118,frog,q,y,d,n
11_07,35,3302752,3307835,hat,q,y,q,n
30_07,1,2711600,2712849,toys,d,n,n,y
30_07,2,2712850,2714492,toys,d,n,n,y
30_07,3,2717841,2719854,dog,q,y,q,y
30_07,4,2719855,2721746,doggy,q,y,q,y
30_07,5,2723018,2725280,doggy,q,y,q,y
30_07,6,2725281,2726643,doggy,q,y,q,y
30_07,7,2726644,2727742,doggy,q,y,q,y
30_07,8,2727742,2729000,doggy,q,y,q,y
30_07,9,2729001,2730985,doggy,d,y,d,y
12_07,1,1271445,1275381,hands,s,y,s,y
12_07,2,1280760,1283613,hands,s,y,s,y
12_07,3,1284142,1292402,cake,s,n,i,n
12_07,4,1292402,1301293,oven,s,n,d,n
12_07,5,1316291,1320851,book,q,n,q,n
12_07,6,1339012,1341275,book,q,y,q,n
12_07,7,1341275,1344768,Little+blue+truck+leads+the+way,d,y,d,y
12_07,8,1344768,1347680,horn,r,n,r,n
12_07,9,1347680,1349040,engine,r,n,r,n
12_07,10,1350716,1352800,truck,q,y,q,y
12_07,11,1352800,1355186,truck,q,y,q,y
12_07,12,1355186,1357058,truck,q,y,q,y
12_07,13,1359578,1361521,page,i,y,i,y
12_07,14,1361538,1363751,page,i,y,i,y
12_07,15,1363752,1366030,page,i,y,i,y
12_07,16,1366031,1367608,page,i,y,i,y
12_07,17,1374893,1378268,city,r,y,r,y
12_07,18,1374893,1378268,Little+blue+truck,r,y,r,y
12_07,19,1381593,1384070,page,q,y,q,y
12_07,20,1384070,1385368,page,i,y,i,y
12_07,21,1388840,1391799,page,q,y,q,y
12_07,22,1393472,1396264,buildings,r,y,r,y
12_07,23,1395794,1396264,sky,r,y,r,y
12_07,24,1396264,1399175,Blue,r,y,r,n
12_07,25,1396264,1399175,city,r,y,r,y
12_07,26,1399175,1401276,page,i,y,i,y
12_07,27,1402806,1405116,page,i,y,i,y
12_07,28,1452557,1454613,book,q,y,q,y
12_07,29,1454613,1457355,book,q,y,d,y
12_07,30,1457355,1460420,Little+blue+truck+leads+the+way,r,y,d,y
12_07,31,1461480,1463278,horn,r,n,r,n
12_07,32,1463278,1466652,engine,r,n,r,n
12_07,33,1466652,1468879,truck,q,y,q,y
12_07,34,1468879,1470455,truck,q,y,q,y
12_07,35,1470455,1471909,truck,d,y,d,y
12_07,36,1471909,1474059,little+blue+truck,d,y,d,y
12_07,37,1474059,1475735,page,i,y,i,y
12_07,38,1475735,1477528,blanket,q,y,q,y
12_07,39,1477528,1479108,page,i,y,i,y
12_07,40,1486163,1489913,city,r,y,r,y
21_07,1,1636387,1637812,book,d,y,d,y
21_07,2,1637813,1639349,book,d,y,d,y
21_07,3,1725302,1726696,teeth,d,n,d,n
21_07,4,1736678,1738196,ice+pop,q,n,d,n
21_07,5,1745241,1746761,ice,d,n,d,n
21_07,6,1747672,1749616,ice,d,n,d,n
21_07,7,1749650,1751104,ice,d,n,d,n
21_07,8,1996325,1999611,feet,s,n,s,n
21_07,9,2084798,2086006,rock,s,n,s,n
21_07,10,2127944,2129430,mouth,q,y,q,y
21_07,11,2147748,2148955,gum,d,n,d,y
22_07,1,1806733,1809057,piggy,s,n,d,y
22_07,2,1860043,1861468,flower,d,y,d,y
22_07,3,1866800,1868009,flower,q,n,q,y
22_07,4,2052389,2053939,fish,q,y,q,y
22_07,5,2076003,2080422,fish,q,y,q,y
22_07,6,2146981,2149900,elephant,q,y,q,y
22_07,7,2165235,2166289,bubbles,q,n,q,n
22_07,8,2166538,2167684,bubbles,q,n,q,n
22_07,9,2188322,2189344,bubbles,q,y,q,y
22_07,10,2224602,2226184,football,q,y,q,y
22_07,11,2263645,2265008,football,q,y,q,y
22_07,12,2272966,2275198,elephant,n,y,d,y
22_07,13,2293855,2296210,dog,n,y,q,y
22_07,14,2299458,2301438,dog,n,y,n,y
42_07,1,1173038,1178038,page,i,y,n,y
42_07,2,1198081,1199073,blanky,d,y,s,n
42_07,3,1199712,1200530,blanky,d,y,s,n
42_07,4,1207087,1209380,rooster,d,n,s,y
42_07,5,1238180,1240257,blanket,q,n,s,y
42_07,6,1245930,1248844,hat,q,y,d,y
42_07,7,1292000,1293991,toys,d,y,q,y
42_07,8,1294268,1297305,toys,d,y,d,n
42_07,9,1312144,1313167,kittens,s,n,d,n
42_07,10,1314128,1315461,kittens,s,n,d,n
42_07,11,1318715,1319707,mittens,s,n,i,n
42_07,12,1367748,1371095,mittens,s,n,d,n
42_07,13,1375995,1379032,cat,s,n,d,n
42_07,14,1378586,1380383,fiddle,s,n,s,n
42_07,15,1380384,1382243,cow,s,n,d,y
42_07,16,1380727,1382121,moon,s,n,d,y
42_07,17,1391593,1394042,butterfly,n,n,r,n
42_07,18,1396512,1397596,cat,s,n,r,y
42_07,19,1397616,1398860,fiddle,s,n,r,y
42_07,20,1398861,1401457,koala,i,y,r,y
42_07,21,1402760,1403812,koala,n,y,r,y
42_07,22,1403820,1405460,kazoo,r,y,r,y
42_07,23,1415077,1417308,book,d,n,r,y
42_07,24,1418945,1422945,kittens,s,n,d,y
42_07,25,1418945,1422945,mittens,s,n,d,y
42_07,26,1422945,1434945,butterfly,n,n,r,y
42_07,27,1434945,1445945,rosies,s,n,r,y
42_07,28,1434945,1445945,kitty,s,n,d,n
42_07,29,1434945,1445945,doggy,s,n,q,y
42_07,30,1446395,1448059,Little+blue+truck,q,y,r,n
42_07,31,1449125,1450000,truck,s,n,r,y
42_07,32,1450000,1451815,horn,s,n,r,y
31_07,1,271909,272777,hands,d,n,d,n
31_07,2,297529,298767,record+player,d,n,d,n
31_07,3,300322,302057,records,d,n,d,n
31_07,4,305988,307723,record,d,n,d,n
31_07,5,372809,374205,blocks,i,y,i,y
31_07,6,386126,387303,mouth,d,y,d,y
31_07,7,548407,549959,duck,q,y,q,y
31_07,8,596619,597485,mouth,d,n,d,n
31_07,9,650699,652216,deer,d,n,d,n
31_07,10,652410,653183,leaves,d,n,d,n
31_07,11,653193,653812,green+beans,d,n,d,n
31_07,12,685758,686469,rabbits,q,n,q,n
31_07,13,690360,690792,rabbits,d,n,d,n
31_07,14,794585,795855,coins,d,y,d,y
31_07,15,808460,809234,bug,d,n,d,n
38_07,1,2624985,2628681,face,d,n,i,n
38_07,2,2651415,2653332,walker,q,n,q,n
38_07,3,2717206,2718573,papers,d,y,d,y
38_07,4,2718573,2719827,mouth,d,y,d,y
38_07,5,2818298,2820279,plastic+bag,d,y,d,y
38_07,6,2838856,2840904,monster+truck,d,n,d,n
38_07,7,2841615,2844237,monster+truck,d,n,d,n
38_07,8,2846902,2848626,flags,q,y,q,y
38_07,9,2851882,2854665,flags,q,y,q,y
38_07,10,2857486,2858691,flags,q,y,q,y
38_07,11,2859315,2860556,monster+truck,d,n,o,o
38_07,12,2863959,2865456,flags,q,y,q,y
38_07,13,2865963,2867865,flag,d,y,d,y
38_07,14,2868636,2870076,flags,q,y,q,y
38_07,15,2872474,2873772,flag,d,y,d,y
38_07,16,2878484,2880834,flag,d,y,d,y
38_07,17,2888680,2890800,monster+truck+flag,q,y,q,y
38_07,18,2902831,2905749,flag,d,y,d,y
38_07,19,2910370,2915121,monster+truck+flags,d,y,n,y
38_07,20,2915677,2917695,car,d,y,d,y
38_07,21,2929164,2931159,cars,q,y,q,y
38_07,22,2935809,2937792,cars,d,y,q,y
43_07,1,479261,480941,ducky+bracelet,q,y,q,y
43_07,2,491064,493184,outfit,d,n,d,n
43_07,3,502433,503640,giraffe,n,y,n,y
43_07,4,509135,511210,elephant,n,y,n,y
43_07,5,517484,519528,elephant,d,n,o,o
43_07,6,523652,525293,foot,n,y,n,y
43_07,7,529171,532304,hand,d,y,d,y
43_07,8,555053,555950,toucan,q,y,q,y
43_07,9,561539,562779,toucan,q,n,q,n
43_07,10,564270,565849,toucan,q,n,q,n
43_07,11,592498,593737,toucan,q,y,q,y
43_07,12,593738,595193,giraffe,q,y,q,y
43_07,13,602235,604000,giraffe,d,y,o,o
43_07,14,605120,606573,toucan,q,y,q,y
43_07,15,606574,607783,toucan,q,y,q,y
43_07,16,641608,642971,drum+kit,q,n,q,n
43_07,17,656846,658085,head,i,n,i,n
43_07,18,731074,733150,head,d,y,d,y
43_07,19,733451,734938,coffee+table,d,n,d,y
43_07,20,750953,752998,coffee+table,d,n,d,n
43_07,21,752999,754175,head,d,n,d,n
33_07,1,2118539,2120707,Adri+fish,d,y,d,y
33_07,2,2126293,2128586,fishes,d,y,d,y
33_07,3,2143560,2146318,page,q,y,q,y
33_07,4,2160000,2161726,fishing+pole,d,y,d,y
33_07,5,2168276,2170321,fish,q,y,q,y
33_07,6,2181202,2184270,stars,r,y,r,y
33_07,7,2185667,2188207,stars,d,y,d,y
33_07,8,2189449,2193106,Mama,r,y,r,y
33_07,9,2193107,2196206,Papa,r,y,r,y
33_07,10,2199089,2201228,Adri,r,y,r,y
33_07,11,2210157,2211674,page,i,y,q,y
33_07,12,2231577,2233437,eyes,q,n,q,y
33_07,13,2233438,2234863,milk,q,n,q,n
33_07,14,2258106,2260399,milk,q,y,q,y
33_07,15,2283898,2286687,shirt,d,n,d,n
33_07,16,2302374,2304016,milk,q,n,q,n
33_07,17,2327821,2330735,book,d,y,d,y
33_07,18,2335013,2336416,Oscar+the+grouch,d,y,d,y
33_07,19,2336417,2338640,garbage+can,r,y,d,y
33_07,20,2338704,2341742,Elmo,d,y,n,y
33_07,21,2343230,2344000,Ernie,d,y,d,y
33_07,22,2344625,2346763,rubber+ducky,d,y,d,y
33_07,23,2346764,2349306,Cookie+monster,d,y,n,y
33_07,24,2351755,2353370,cookies,s,n,d,y
33_07,25,2353370,2355236,cookie,s,n,d,y
33_07,26,2382950,2384439,Ernie,d,y,q,y
33_07,27,2389027,2391381,finger,i,y,i,y
33_07,28,2402606,2403938,Cookie,d,y,d,y
33_07,29,2403939,2405084,Ernie,d,y,d,y
33_07,30,2405085,2406417,Elmo,d,y,d,y
33_07,31,2406418,2409146,Oscar,d,y,d,y
33_07,32,2438379,2441120,book,d,y,q,y
33_07,33,2462603,2467128,hair,r,n,r,y
33_07,34,2470716,2473110,gorillas,d,y,n,y
33_07,35,2473675,2475000,house,r,y,r,y
33_07,36,2475525,2477508,fish,n,y,n,y
33_07,37,2480579,2482747,prairie+dogs,n,y,n,y
33_07,38,2486530,2490439,foxes,n,y,n,y
33_07,39,2495768,2498556,zebra,q,y,d,y
33_07,40,2502867,2505501,penguins,n,y,n,y
25_07,1,600980,603428,pants,q,y,q,y
25_07,2,620514,623644,claws,d,n,d,y
25_07,3,626963,628418,claws,d,n,d,y
25_07,4,649593,655142,nails,d,n,d,n
25_07,5,659300,661654,face,d,n,o,o
25_07,6,666643,667855,nails,d,n,d,n
25_07,7,712617,716553,cat+hair,d,n,n,n
25_07,8,767383,768845,fan,d,n,d,n
25_07,9,768845,770497,cat+hair,d,n,d,n
25_07,10,778264,783534,cat+hair,q,n,q,n
25_07,11,792226,794619,tummy,d,n,d,y
25_07,12,794619,796690,tummy,d,n,d,n
25_07,13,834943,838674,treats,d,y,i,y
25_07,14,846120,850118,treats,d,y,d,y
25_07,15,883769,885782,eyes,d,n,q,n
25_07,16,914434,915921,finger,n,y,q,y
25_07,17,915922,917209,finger,q,y,q,n
04_07,1,967313,968419,knees,s,n,s,n
04_07,2,967313,968562,toes,s,n,s,n
04_07,3,968297,969674,knees,s,n,s,n
04_07,4,968830,970026,toes,s,n,s,n
04_07,5,969773,971164,eyes,s,n,s,n
04_07,6,970142,971259,ears,s,n,s,n
04_07,7,971260,972777,mouth,s,n,s,n
04_07,8,971618,973689,nose,s,n,s,n
04_07,9,973709,974390,heads,s,n,s,n
04_07,10,974447,975719,shoulders,s,n,s,n
04_07,11,975021,976588,knees,s,n,s,n
04_07,12,975144,976452,toes,s,n,s,n
04_07,13,976453,978813,knees,s,n,s,n
04_07,14,976453,978813,toes,s,n,s,n
04_07,15,980237,982312,feet,n,y,n,y
46_07,1,1070603,1072650,balls,q,n,d,n
46_07,2,1083658,1086574,paws,d,y,d,y
46_07,3,1151211,1153536,Jeffrey,d,y,d,y
46_07,4,1156793,1158906,Jeffrey,d,n,d,y
46_07,5,1158906,1160671,Jeffrey,d,n,d,n
46_07,6,1205989,1207687,binky,q,n,q,y
46_07,7,1210723,1213629,Frogerton,n,y,n,y
18_07,1,748189,751284,ball,q,y,q,n
18_07,2,751348,753053,ball,q,y,q,n
18_07,3,759760,760977,ball,q,y,q,y
18_07,4,763690,765115,ball,q,y,q,y
18_07,5,765115,765989,ball,d,y,q,y
18_07,6,773258,775006,ball,d,y,d,y
18_07,7,779660,780993,ball,q,y,q,y
18_07,8,822736,824840,ball,q,y,d,y
18_07,9,827225,828781,ball,q,y,q,y
18_07,10,850579,852284,egg,q,y,q,n
18_07,11,860833,863469,egg,n,y,n,y
18_07,12,863469,865211,egg,d,y,n,y
18_07,13,873308,875782,egg,n,y,n,y
18_07,14,939480,942098,truck,d,y,d,y
18_07,15,942633,943356,truck,d,y,q,y
18_07,16,950441,952796,door,d,y,q,y
18_07,17,972315,973809,toys,q,n,q,y
18_07,18,975535,976645,toys,q,n,q,y
18_07,19,976462,978136,bathtub,d,n,d,n
18_07,20,979648,980111,toy,q,n,q,y
18_07,21,979777,981276,easter+bunny,q,n,q,n
18_07,22,984509,986642,easter+bunny,d,n,d,n
18_07,23,991928,993432,egg,d,y,d,n
18_07,24,994896,996765,book,i,y,d,n
18_07,25,998500,1000074,book,i,y,d,y
18_07,26,1000074,1003747,In+my+tree,d,y,d,y
18_07,27,1008721,1010390,owl,d,y,d,y
18_07,28,1012024,1015340,tree,r,y,r,y
18_07,29,1015340,1018112,branch,r,y,r,y
18_07,30,1024723,1028101,sky,r,y,r,y
40_07,1,3237167,3240359,hat,s,y,s,n
40_07,2,3240359,3243998,head,s,n,s,n
40_07,3,3247214,3250128,Frosty+the+snowman,s,n,s,n
40_07,4,3290643,3291762,broomstick,s,n,s,n
40_07,5,3291762,3292924,hand,s,n,s,n
40_07,6,3307762,3309559,doughnut+hole,d,n,d,n
40_07,7,3310879,3312944,plate,d,n,d,n
16_07,1,2495456,2498053,goldfish,n,y,n,y
16_07,3,2499873,2504234,farm+animals,d,y,d,y
16_07,2,2499873,2504234,pets,d,y,d,y
16_07,4,2510167,2512966,bunnies,d,y,d,y
16_07,5,2510167,2512966,baby,d,y,d,y
16_07,6,2514957,2518257,dog,d,y,d,y
16_07,7,2514957,2518257,pups,d,y,d,y
16_07,10,2529512,2534130,cow,q,n,q,y
16_07,9,2529512,2534130,goat,q,y,q,y
16_07,8,2529512,2534130,baby,d,y,d,y
16_07,11,2534154,2537275,sheep,r,y,d,y
16_07,12,2534154,2537275,lamb,r,y,d,y
16_07,13,2538866,2541349,sheep,n,y,d,y
16_07,14,2542334,2545294,piggy,d,y,d,y
16_07,15,2545295,2547229,piggy,n,y,n,y
16_07,16,2547230,2551672,piggy,d,y,d,y
16_07,17,2556027,2557411,tabs,q,y,d,y
16_07,18,2557412,2558451,cows,d,y,d,y
16_07,19,2558452,2560416,goats,d,y,d,y
16_07,20,2561979,2563938,kids,d,y,d,y
16_07,21,2563939,2566079,goat,r,y,d,y
16_07,22,2563939,2566079,kid,r,y,d,y
16_07,23,2566079,2567947,kid,d,y,d,y
16_07,24,2566079,2567947,baby+goat,d,y,d,y
16_07,25,2568135,2569250,book,d,y,d,y
16_07,26,2573627,2576478,cow,n,y,n,y
16_07,27,2576479,2578177,cow,n,y,n,y
16_07,28,2579457,2580479,cow,n,y,n,y
16_07,29,2583764,2586831,animals,q,y,q,y
16_07,30,2586832,2589009,animals,q,y,q,y
16_07,31,2590444,2592054,jungle+animals,n,y,n,y
16_07,32,2592639,2596048,chimp,d,y,d,y
16_07,33,2623101,2627378,crocodile,r,y,d,y
16_07,34,2627379,2629960,crocodile,i,y,i,y
16_07,35,2627379,2629960,baby,i,y,i,y
39_07,1,3189192,3190090,hat,i,y,d,y
39_07,2,3190091,3194895,hat,d,y,d,y
39_07,3,3205684,3207449,couch,i,y,i,y
39_07,4,3237791,3240921,bracelet,q,n,q,n
39_07,5,3240922,3245013,strings,q,n,q,n
39_07,6,3254594,3255832,magnet,d,n,d,n
39_07,7,3259833,3260886,magnets,d,n,d,n
39_07,8,3262640,3265894,magnets,d,n,d,n
39_07,9,3267550,3269470,magnet,d,n,d,n
39_07,10,3302831,3304565,dress+up+bin,d,n,d,n
39_07,11,3315782,3319935,window,d,n,d,n
39_07,12,3324555,3325949,window,q,n,q,n
39_07,13,3325950,3329111,couch,d,n,d,y
39_07,14,3339548,3342302,bracelet,d,n,d,n
39_07,15,3366294,3367968,car,q,n,q,n
39_07,16,3471100,3473270,window,q,n,q,n
39_07,17,3490227,3491468,phone,q,y,q,y
39_07,18,3491468,3492122,picture,q,y,q,y
15_07,1,1560403,1560929,sock,q,y,d,y
15_07,2,1802693,1803746,mail,q,n,q,n
15_07,3,1803747,1806234,mail,q,n,q,n
15_07,4,1932384,1936007,hammer,q,y,q,y
14_07,1,1250159,1251801,chin,d,y,d,y
14_07,2,1295469,1296111,circle,q,n,q,n
14_07,3,1297431,1299392,circle,n,y,q,y
14_07,4,1300168,1302048,circle,d,y,d,y
14_07,5,1303113,1306391,circle,d,y,d,y
14_07,6,1312076,1313805,circle,q,y,q,n
14_07,7,1318550,1324456,bus,d,y,d,n
14_07,8,1325200,1326409,circle,d,y,d,n
14_07,9,1328643,1329975,bus,d,n,d,n
14_07,10,1330079,1332452,door,d,n,d,n
14_07,11,1333809,1335172,circle,q,y,d,n
14_07,12,1359061,1361055,triangle,n,y,y,n
14_07,13,1423657,1425826,car,q,y,q,y
14_07,14,1425879,1428143,car,d,y,d,y
14_07,15,1436710,1438166,doggies,n,y,n,n
14_07,16,1438774,1439921,bus,d,y,d,n
14_07,17,1566974,1746162,car,d,y,d,n
14_07,18,1591186,1593076,toys,i,y,i,y
14_07,19,1744198,1745563,ottoman,d,n,d,n
14_07,20,1745631,1746223,couch,d,n,d,n
14_07,21,1746303,1750192,chair,d,n,d,n
14_07,22,1759338,1760825,ottoman,q,y,d,y
14_07,23,1768383,1769494,couch,q,n,q,n
14_07,24,1777703,1779325,playstation,n,n,n,n
14_07,25,1779126,1780806,hands,q,n,q,n
41_07,1,2657372,2660285,lamb,s,n,s,n
41_07,2,2660286,2661586,lamb,s,n,s,n
41_07,3,2661587,2662734,lamb,s,n,s,n
41_07,4,2662735,2665555,lamb,s,n,s,n
41_07,5,2665556,2667074,fleece,s,n,s,n
41_07,6,2667075,2668438,snow,s,n,s,n
41_07,7,2676438,2678484,lamb,s,n,s,n
41_07,8,2684158,2685428,hands,n,y,d,y
41_07,9,2685429,2689799,hands,n,y,d,n
41_07,10,2703887,2706521,face,d,y,d,y
41_07,11,2714179,2718610,hat,d,y,d,y
41_07,12,2738606,2740187,face,d,n,d,y
41_07,13,2743474,2745302,doggies,d,y,d,n
41_07,14,2817526,2820688,bridge,s,n,s,n
41_07,15,2820689,2827724,bridge,s,n,s,n
41_07,16,2827725,2834544,fingers,q,y,q,n
41_07,17,2855129,2856244,giraffe,q,y,q,n
41_07,18,2870598,2871930,tray,d,y,d,y
41_07,19,2875620,2876549,giraffe,q,y,q,y
41_07,20,2880456,2883215,hat,i,y,i,y
41_07,21,2937983,2941331,hat,d,y,d,y
41_07,22,2954413,2955313,hat,d,y,d,y
41_07,23,2955314,2958040,bagel,q,y,q,y
41_07,24,2968053,2971587,teeth,q,n,q,y
41_07,25,2989847,2993039,ice,d,n,d,n
41_07,26,3009283,3011236,bagel,d,y,d,y
41_07,27,3026923,3028379,puff,q,y,q,n
28_07,1,2371143,2372506,water,q,y,q,n
28_07,2,2372506,2374457,drink,q,y,n,y
28_07,3,2474826,2477840,water,d,n,d,y
28_07,4,2880812,2884175,clothes,q,y,q,y
28_07,5,2884200,2886212,clothes,q,y,q,y
28_07,6,2953015,2955835,shirt,q,y,q,y
36_07,1,1678364,1679016,foot,d,y,d,y
36_07,2,1679016,1679818,shirt,d,y,d,y
36_07,3,1705730,1707592,mouth,d,y,d,y
36_07,4,1708267,1710405,shirt,q,y,q,y
36_07,5,1723460,1725195,finger,q,y,q,y
36_07,6,1726792,1728313,toes,q,y,q,y
36_07,7,1728517,1729663,shirt,d,y,i,y
36_07,8,1747065,1749420,baby,s,n,q,y
36_07,9,1749420,1750938,baby,s,n,q,y
36_07,10,1750938,1752495,baby,s,n,q,y
36_07,11,1769386,1771929,legs,d,y,i,y
36_07,12,1772197,1774119,ear,d,n,d,y
36_07,13,1774387,1775410,nose,q,y,q,y
36_07,14,1779202,1780550,nose,q,y,q,y
36_07,15,1780888,1782004,nose,q,y,n,y
36_07,16,1782740,1784197,mouth,d,y,n,y
36_07,17,1785485,1788244,mouth,q,y,q,y
36_07,18,1806759,1807503,mum+mum,q,n,q,n
36_07,19,1809195,1810249,cracker,q,n,q,n
36_07,20,1816471,1817929,toys,q,n,q,n
36_07,21,1825109,1826852,truck,q,n,q,n
36_07,22,1914637,1916192,dog+hairs,d,y,q,y
36_07,23,1916192,1916861,hand,d,y,q,y
36_07,24,1921163,1923798,doggy,q,n,q,n
36_07,25,1968271,1969076,cracker,d,y,d,y
36_07,26,2051686,2053917,wrapper,d,n,d,n
20_07,1,3358258,3360056,doggy,n,y,d,y
20_07,2,3366267,3371785,doggy,n,y,n,y
20_07,3,3382928,3384912,doggy,q,y,q,y
20_07,4,3387801,3390653,doggy,n,y,n,y
20_07,5,3391373,3394286,doggy,q,y,q,y
20_07,6,3448608,3451066,doggy,q,y,q,y
20_07,7,3476282,3477522,doggy,i,y,i,y
20_07,8,3477639,3479374,doggy,i,y,i,y
20_07,9,3487351,3493396,doggy,n,y,d,y
20_07,10,3494972,3497761,doggy,i,y,i,y
20_07,11,3509449,3512270,doggy,n,y,n,y
20_07,12,3548029,3550354,teeth,d,y,q,n
20_07,13,3584021,3586377,hat,d,y,q,y
20_07,14,3616618,3619779,paw,d,y,d,n
20_07,15,3688144,3691673,bed,d,n,d,n
02_07,1,3256251,3266171,orange,q,n,q,y
02_07,2,3425440,3428507,orange,d,n,d,n
02_07,3,3441867,3451814,orange,d,n,d,n
02_07,4,3465126,3469723,mummum,q,n,q,n
02_07,5,3696473,3709059,water,q,n,q,n
02_07,6,3765666,3791239,plane,q,y,o,o
09_07,1,41732,43180,circle,n,n,n,y
09_07,2,67185,73477,hat,d,n,d,n
09_07,3,190122,199607,giraffe,q,y,q,n
09_07,4,349678,351963,water,q,y,q,n
09_07,5,400296,403381,maraca,q,n,q,n
09_07,6,403382,405748,water,q,y,q,y
09_07,7,405749,407524,water,q,y,q,y
09_07,8,420523,423021,maracas,q,n,q,n
09_07,9,444190,447479,maraca,i,y,d,y
09_07,10,556500,560736,pig,q,y,q,y
09_07,11,807639,815167,elephant,q,y,d,y
09_07,12,815167,817448,elephant,q,y,d,y
09_07,13,948721,954237,Elmo,s,y,o,o
09_07,14,954238,959312,Elmo,s,y,o,o
09_07,15,959313,962435,Elmo,s,y,o,o
45_07,1,3023658,3026086,crackers,d,y,d,y
45_07,2,3029160,3031350,crackers,q,y,q,y
45_07,3,3038784,3040331,hat,d,y,d,n
45_07,4,3050470,3051989,hat,q,n,q,n
45_07,5,3051990,3054840,hat,d,n,d,n
45_07,6,3143928,3145322,face,i,n,i,y
45_07,7,3145323,3146996,face,i,n,i,y
45_07,8,3146997,3149259,crackers,d,y,d,n
45_07,9,3149260,3151584,crackers,d,y,d,y
45_07,10,3154589,3155858,crackers,i,y,i,y
45_07,11,3214914,3216805,lion,q,y,q,y
45_07,12,3256598,3259616,hat,d,n,i,n
45_07,13,3260465,3262927,hat,n,n,d,n
45_07,14,3263246,3264645,hat,d,n,d,n
45_07,15,3268424,3269264,hat,n,n,d,n
45_07,16,3269811,3271497,hat,d,n,d,n
45_07,17,3273833,3276266,hat,d,n,d,n
45_07,18,3278883,3280216,hat,n,n,n,n
45_07,19,3280217,3284183,hat,d,n,n,n
45_07,20,3315576,3317217,cracker,q,y,q,y
45_07,21,3395547,3397190,camera,i,y,i,y
08_07,1,414371,417285,baby,q,y,q,y
08_07,2,418368,419979,baby,i,y,i,y
08_07,3,424072,426025,baby,i,y,i,y
08_07,4,439491,441164,baby,q,y,q,y
08_07,5,565718,575417,book,q,y,d,y
08_07,6,579969,582013,pajamas,i,y,r,y
08_07,7,627547,632040,necklace,q,y,d,y
01_07,1,2256520,2257163,bus,s,y,s,y
01_07,2,2271577,2272963,doors,s,n,s,y
01_07,3,2272964,2273800,bus,s,y,s,y
01_07,4,2277997,2279131,bird,d,n,d,n
01_07,5,2280243,2281451,doors,s,n,s,y
01_07,6,2281732,2281915,bus,s,y,s,y
01_07,7,2286581,2288832,bus,s,y,s,y
01_07,8,2295295,2296300,driver,s,n,s,n
01_07,9,2296347,2296916,bus,s,y,s,y
01_07,10,2305156,2305695,bus,s,n,s,y
01_07,11,2311356,2312116,windows,s,y,s,y
01_07,12,2312117,2312894,bus,s,y,s,y
44_07,1,174883,176746,hand,q,y,q,y
44_07,2,176747,181187,fingernail,q,y,q,y
44_07,3,272545,275923,cup,q,n,d,n
44_07,4,275924,277587,water,q,y,q,y
44_07,5,278868,283613,hat,i,y,i,y
44_07,6,298025,299494,hat,d,y,d,y
44_07,7,299495,301795,hat,q,y,q,y
44_07,8,301796,303714,hat,q,y,q,y
44_07,9,304408,307201,hand,i,y,i,y
27_07,1,2066649,2068450,baby,d,y,d,y
27_07,2,2074387,2075844,pictures,d,y,d,y
27_07,3,2086729,2088434,baby,d,y,d,y
27_07,4,2088434,2091063,baby,d,y,n,y
27_07,5,2098053,2098920,baby,d,y,q,y
27_07,6,2098920,2099843,baby,q,y,q,y
27_07,7,2101253,2102370,baby,d,n,d,n
27_07,8,2103118,2105350,baby,d,n,d,n
27_07,9,2106279,2108542,baby,d,n,d,n
27_07,10,2135928,2137772,milk,q,n,q,n
27_07,11,2137772,2139714,milk,d,n,d,n
27_07,12,2139714,2140912,milk,d,n,d,n
27_07,13,2142651,2143953,cameras,d,n,d,y
27_07,14,2157717,2159701,camera,d,n,d,n
27_07,15,2185707,2187876,milk,d,n,d,n
27_07,16,2187876,2188802,milk,d,n,d,n
27_07,17,2189556,2190766,milk,d,y,d,n
27_07,18,2240707,2242841,cameras,d,n,d,n
27_07,19,2242858,2246389,headband,d,n,d,n
27_07,20,2310375,2311953,cameras,d,n,d,n
27_07,21,2325108,2327506,camera,d,n,d,n
27_07,22,2328323,2330606,cameras,d,n,d,n
27_07,23,2348574,2350061,headband,d,n,d,y
27_07,24,2352115,2352922,cameras,d,n,d,n
27_07,25,2364678,2367715,camera,d,n,d,n
27_07,26,2421525,2422537,milk,d,n,d,n
27_07,27,2447294,2449091,eggplant,d,n,d,n
27_07,28,2462107,2464338,ears,d,n,d,n
27_07,29,2473032,2474303,ear,d,n,d,n
27_07,30,2544828,2547556,milk,q,n,q,n
13_07,1,1448772,1452000,spinner,q,n,q,n
13_07,2,1493140,1497696,bouncer,d,n,d,n
13_07,3,2606222,2608263,hair,d,y,d,n
13_07,4,2608264,2610693,hair,i,y,d,n
